Mean,Std,RMS,Variance,Peak,Peak_to_Peak,Skewness,Kurtosis,Class
0.012420968,0.074959953,0.07598207,0.005618994,0.217794462,0.416396308,-0.162976113,-0.243664265,Healthy
0.011588951,0.069465357,0.070425419,0.004825436,0.272868923,0.485030769,-0.107385997,0.184816746,Healthy
0.014643415,0.076996426,0.078376522,0.00592845,0.212370462,0.420568615,0.050328592,-0.376181942,Healthy
0.010937028,0.078933946,0.079688057,0.006230568,0.226764923,0.449774769,-0.163587665,-0.03456398,Healthy
0.013358922,0.074921902,0.076103562,0.005613291,0.188588308,0.375507692,-0.028447952,-0.321608503,Healthy
0.010558709,0.071756283,0.072528964,0.005148964,0.219254769,0.421403077,0.082604191,-0.105765167,Healthy
0.01092236,0.072633801,0.073450439,0.005275669,0.249295385,0.448523077,-0.122924135,-0.24875088,Healthy
0.009647035,0.073293327,0.073925483,0.005371912,0.247417846,0.462917538,-0.171045183,0.102019133,Healthy
0.011965641,0.071362689,0.072358897,0.005092633,0.220715077,0.424323692,-0.087655757,-0.082597632,Healthy
0.010067118,0.071155336,0.071863959,0.005063082,0.224678769,0.404505231,-0.079487279,-0.329761092,Healthy
0.01047783,0.068308088,0.069107017,0.004665995,0.191508923,0.379471385,-0.033889524,-0.054008365,Healthy
0.013187996,0.07490683,0.076058901,0.005611033,0.208824,0.408051692,-0.230945781,-0.159393982,Healthy
0.009946105,0.068659826,0.069376485,0.004714172,0.190465846,0.370709538,-0.082057406,-0.36995727,Healthy
0.011931618,0.072916444,0.073886205,0.005316808,0.236778462,0.452695385,-0.124278959,-0.063561534,Healthy
0.010841684,0.071159966,0.071981128,0.005063741,0.198184615,0.382809231,-0.021717271,-0.324587471,Healthy
0.01326582,0.071676168,0.072893449,0.005137473,0.219672,0.406174154,-0.071407735,-0.259378769,Healthy
0.010073026,0.072135105,0.072835013,0.005203473,0.186919385,0.372169846,-0.136800081,-0.378456026,Healthy
0.013614599,0.074423403,0.075658444,0.005538843,0.210492923,0.416604923,0.009714472,-0.411182864,Healthy
0.011901874,0.073276563,0.074236846,0.005369455,0.248252308,0.434545846,-0.131802596,-0.246214244,Healthy
0.010864502,0.06732263,0.06819365,0.004532336,0.194638154,0.368206154,-0.042998834,-0.295741804,Healthy
0.013106302,0.078154903,0.079246224,0.006108189,0.238238769,0.457910769,-0.011745137,-0.189970482,Healthy
0.013245243,0.068337365,0.069609137,0.004669995,0.198810462,0.392822769,-0.145307658,-0.286884676,Healthy
0.012805603,0.074638743,0.07572929,0.005570942,0.217168615,0.406382769,-0.096360982,-0.423368689,Healthy
0.011193316,0.071425456,0.072297206,0.005101596,0.208615385,0.414936,-0.021802343,-0.209691908,Healthy
0.013751095,0.072109832,0.073409267,0.005199828,0.195889846,0.390528,-0.15863958,-0.428977027,Healthy
0.008959868,0.075734128,0.076262293,0.005735658,0.218420308,0.426618462,-0.150298564,-0.169400012,Healthy
0.009831204,0.074200063,0.074848527,0.005505649,0.199019077,0.382600615,-0.061664004,-0.571800638,Healthy
0.009856466,0.076327094,0.076960868,0.005825825,0.209032615,0.410137846,-0.191228232,-0.352226785,Healthy
0.008785886,0.06934066,0.069895056,0.004808127,0.286637538,0.518200615,-0.121044193,0.457069713,Healthy
0.008383731,0.071165589,0.071657714,0.005064541,0.21696,0.415353231,-0.051260602,-0.439578814,Healthy
0.009718747,0.069064657,0.069745114,0.004769927,0.205277538,0.406382769,-0.170672269,-0.223083374,Healthy
0.010753675,0.074914558,0.075682445,0.005612191,0.220715077,0.425992615,-0.083443646,-0.477522034,Healthy
0.008036378,0.070407731,0.070864885,0.004957249,0.220297846,0.428913231,-0.066037475,-0.127917099,Healthy
0.013429819,0.071276256,0.07253044,0.005080305,0.195681231,0.386564308,-0.037849666,-0.371852494,Healthy
0.011210021,0.074736746,0.075572784,0.005585581,0.227808,0.427244308,-0.082031872,-0.347692262,Healthy
0.012458046,0.069266984,0.070378391,0.004797915,0.190465846,0.370709538,-0.058314728,-0.251913612,Healthy
0.013596874,0.070887282,0.072179511,0.005025007,0.230937231,0.449357538,-0.072302946,-0.130120485,Healthy
0.014146934,0.073689129,0.075034815,0.005430088,0.240116308,0.436632,-0.107883879,-0.284120309,Healthy
0.01260697,0.071500045,0.072602976,0.005112256,0.225096,0.413267077,0.07561853,-0.194875852,Healthy
0.012720038,0.068825192,0.069990759,0.004736907,0.206320615,0.390110769,-0.014581295,-0.35285539,Healthy
0.014594317,0.073602266,0.075035243,0.005417294,0.252633231,0.461248615,0.020860709,-0.143217611,Healthy
0.010259843,0.072121657,0.072847772,0.005201533,0.201731077,0.396995077,0.036513041,-0.342987486,Healthy
0.014372255,0.072601513,0.074010414,0.00527098,0.248669538,0.470427692,0.043638447,0.08219978,Healthy
0.013575483,0.071893561,0.073164048,0.005168684,0.222175385,0.423280615,-0.093568612,-0.062673788,Healthy
0.01235435,0.071325937,0.072387977,0.005087389,0.224678769,0.402836308,0.095423021,-0.265895682,Healthy
0.01402857,0.076724835,0.077996802,0.0058867,0.253676308,0.457702154,0.055084714,-0.047115016,Healthy
0.013068002,0.069931588,0.071142109,0.004890427,0.184416,0.363616615,-0.108009932,-0.264001819,Healthy
0.012590672,0.077668762,0.078682664,0.006032437,0.243662769,0.464377846,-0.009238374,-0.296183638,Healthy
0.012961046,0.07158187,0.07274581,0.005123964,0.311254154,0.491915077,0.19939432,0.337167961,Healthy
0.015218737,0.076041348,0.077549317,0.005782287,0.222175385,0.433294154,-0.017627955,-0.371293949,Healthy
0.011724225,0.067007838,0.068025788,0.00449005,0.233023385,0.403879385,-0.115885412,-0.131213655,Healthy
0.013636805,0.072285554,0.073560612,0.005225201,0.252633231,0.473139692,-0.053084828,0.038270885,Healthy
0.011973178,0.071745753,0.072737955,0.005147453,0.228642462,0.429121846,-0.038510942,-0.221978247,Healthy
0.015359511,0.069370256,0.071050313,0.004812232,0.204025846,0.404505231,-0.010499165,-0.470354897,Healthy
0.011767008,0.069820194,0.070804816,0.00487486,0.205277538,0.386981538,0.087696728,-0.249416533,Healthy
0.01414123,0.070272744,0.071681469,0.004938259,0.217168615,0.433711385,0.07614737,-0.22573248,Healthy
0.012000274,0.071041102,0.072047517,0.005046838,0.271408615,0.494835692,0.067004591,0.02801392,Healthy
0.012189332,0.072866675,0.073879173,0.005309552,0.260143385,0.453112615,0.240541312,0.136354174,Healthy
0.014478804,0.073467528,0.074880661,0.005397478,0.232814769,0.418482462,0.029475145,-0.261795176,Healthy
0.01202248,0.068929564,0.069970171,0.004751285,0.264524308,0.483779077,-0.194847627,0.268768215,Healthy
0.01373113,0.073098051,0.074376535,0.005343325,0.212579077,0.407843077,-0.044866104,-0.231173789,Healthy
0.012315234,0.070484195,0.071551986,0.004968022,0.233023385,0.409303385,0.095851338,-0.149069253,Healthy
0.012882407,0.068075757,0.069283945,0.004634309,0.192134769,0.376133538,-0.077056429,-0.417772671,Healthy
0.009888247,0.071631742,0.072311022,0.005131107,0.220506462,0.410137846,0.13528572,-0.104192561,Healthy
0.013025423,0.072811522,0.073967421,0.005301518,0.206737846,0.403253538,-0.185963943,-0.136338069,Healthy
0.011015055,0.074883118,0.075688922,0.005607481,0.226139077,0.438926769,0.001018674,-0.203903456,Healthy
0.009781902,0.067551014,0.068255586,0.004563139,0.197976,0.379054154,-0.00908198,-0.147532216,Healthy
0.011563078,0.071547968,0.072476317,0.005119112,0.189631385,0.369249231,0.050268534,-0.531518569,Healthy
0.012520794,0.07223403,0.073311154,0.005217755,0.236987077,0.454572923,0.0623178,0.164465515,Healthy
0.013452229,0.073716989,0.074934351,0.005434194,0.224678769,0.425366769,-0.050586319,-0.18047428,Healthy
0.012227632,0.068931899,0.070008012,0.004751607,0.188796923,0.348387692,-0.001729452,-0.565883877,Healthy
0.012744485,0.070305665,0.071451441,0.004942887,0.230311385,0.438926769,-0.009293576,-0.086174932,Healthy
0.009855447,0.075944035,0.076580848,0.005767496,0.225930462,0.434128615,0.034418762,-0.152025152,Healthy
0.014344345,0.067610838,0.069115741,0.004571225,0.185459077,0.346301538,0.019682162,-0.464159631,Healthy
0.012262266,0.074393307,0.075397131,0.005534364,0.227808,0.447688615,-0.114249617,-0.129646031,Healthy
0.012698239,0.067790356,0.068969396,0.004595532,0.192552,0.364868308,-0.013986276,-0.378489494,Healthy
0.011630511,0.072728893,0.073652975,0.005289492,0.246166154,0.448523077,-0.063342639,-0.244911997,Healthy
0.011926933,0.066443165,0.067505155,0.004414694,0.221132308,0.422863385,-0.133079223,0.226953557,Healthy
0.012848385,0.070554235,0.07171458,0.0049779,0.245957538,0.462083077,0.031141902,-0.303577378,Healthy
0.010191595,0.072022956,0.072740462,0.005187306,0.197141538,0.391571077,-0.073742324,-0.350852905,Healthy
0.014509567,0.0696435,0.07113891,0.004850217,0.200688,0.386564308,-0.009606076,-0.403424919,Healthy
0.011779435,0.070537974,0.071514759,0.004975606,0.191091692,0.369875077,-0.138317014,-0.409319433,Healthy
0.013911631,0.071822227,0.073157131,0.005158432,0.212579077,0.379888615,0.026695731,-0.374335807,Healthy
0.012683571,0.071493486,0.072609858,0.005111319,0.225721846,0.414310154,-0.070468869,-0.263990897,Healthy
0.015242776,0.074253181,0.075801564,0.005513535,0.232814769,0.412849846,0.019606718,-0.466585413,Healthy
0.012980196,0.075042485,0.076156812,0.005631374,0.228642462,0.427452923,0.01774825,-0.42862761,Healthy
0.012673588,0.069583638,0.070728372,0.004841883,0.207572308,0.391779692,-0.061781973,-0.308990372,Healthy
0.014740592,0.072043247,0.073535804,0.005190229,0.220923692,0.407843077,-0.041770305,-0.478777981,Healthy
0.012690294,0.071504107,0.07262149,0.005112837,0.254928,0.443933538,-0.021945146,-0.318744817,Healthy
0.01312912,0.074581084,0.07572788,0.005562338,0.207155077,0.400958769,-0.021927434,-0.443696999,Healthy
0.01294271,0.071512247,0.072674034,0.005114001,0.200270769,0.398455385,-0.141391556,-0.321517341,Healthy
0.009759492,0.070988698,0.071656422,0.005039395,0.262855385,0.454781538,0.076759207,-0.177974627,Healthy
0.013222222,0.076560145,0.07769352,0.005861456,0.235109538,0.425158154,0.021730428,-0.188697408,Healthy
0.013412095,0.076208695,0.077379904,0.005807765,0.204651692,0.377802462,-0.016003916,-0.60564195,Healthy
0.012102952,0.073125521,0.074120329,0.005347342,0.245748923,0.462083077,-0.005604592,-0.139021534,Healthy
0.013762911,0.071324073,0.072639804,0.005087123,0.201939692,0.373004308,0.021195258,-0.464412757,Healthy
0.014527698,0.072585316,0.074024875,0.005268628,0.264107077,0.471679385,-0.042808191,-0.156676758,Healthy
0.013300657,0.067650023,0.068945145,0.004576526,0.230728615,0.415353231,-0.047058662,-0.188148682,Healthy
0.013240761,0.070978103,0.072202555,0.005037891,0.193803692,0.383017846,-0.028945529,-0.528140771,Healthy
0.014078483,0.069744392,0.071151135,0.00486428,0.191300308,0.381766154,-0.157068288,-0.152170843,Healthy
0.013690996,0.070660697,0.071974839,0.004992934,0.191926154,0.373630154,-0.050266188,-0.467681907,Healthy
0.012398151,0.067663816,0.068790306,0.004578392,0.210075692,0.393448615,-0.051048367,-0.272542722,Healthy
0.014789894,0.067592716,0.069191879,0.004568775,0.207989538,0.390319385,0.063335353,-0.462022237,Healthy
0.011850128,0.071829441,0.072800372,0.005159469,0.212787692,0.417856615,-0.066556252,-0.392165368,Healthy
0.011953417,0.066754132,0.067815914,0.004456114,0.198184615,0.376550769,0.068808557,-0.1957673,Healthy
0.011051115,0.07183856,0.072683601,0.005160779,0.218003077,0.405339692,-0.129632666,-0.449488626,Healthy
0.010561561,0.067451247,0.068273108,0.004549671,0.189214154,0.359027077,-0.065920347,-0.393336128,Healthy
0.011407431,0.075782707,0.076636467,0.005743019,0.237612923,0.438092308,0.135419531,-0.346995729,Healthy
0.013935263,0.069407649,0.070792749,0.004817422,0.220715077,0.412015385,-0.013638062,-0.218057207,Healthy
0.012455194,0.069279718,0.070390419,0.004799679,0.211953231,0.388441846,-0.180111308,-0.270196062,Healthy
0.010515112,0.070547916,0.071327246,0.004977008,0.235526769,0.421194462,0.141144405,-0.221233092,Healthy
0.013065965,0.069038024,0.070263562,0.004766249,0.225304615,0.417230769,-0.053809362,-0.123252239,Healthy
0.012333977,0.075165416,0.076170643,0.00564984,0.248669538,0.483987692,0.091091125,0.030253547,Healthy
0.012417097,0.067572457,0.068703866,0.004566037,0.216542769,0.420985846,0.072067935,-0.160445535,Healthy
0.010396747,0.071771321,0.072520444,0.005151123,0.219463385,0.436632,-0.070707435,-0.185685004,Healthy
0.011435546,0.073924957,0.074804218,0.005464899,0.241993846,0.44748,-0.038038079,-0.15926137,Healthy
0.010962901,0.075463672,0.076255826,0.005694766,0.222384,0.423489231,-0.162133564,-0.137771861,Healthy
0.011995181,0.074439679,0.075399935,0.005541266,0.235944,0.436214769,-0.084467312,-0.242426224,Healthy
0.0133194,0.067481987,0.0687839,0.004553819,0.198393231,0.370918154,-0.031007001,-0.472980904,Healthy
0.012658309,0.072191834,0.073293203,0.005211661,0.228433846,0.436632,-0.06884615,0.059642284,Healthy
0.014840621,0.070981891,0.072516707,0.005038429,0.237195692,0.4068,0.071370866,-0.047624876,Healthy
0.014487768,0.071644512,0.073094675,0.005132936,0.220506462,0.433294154,-0.115928669,-0.21882252,Healthy
0.014612448,0.069399399,0.070921085,0.004816277,0.209449846,0.418691077,0.04743666,-0.283341928,Healthy
0.012956564,0.07632614,0.077418036,0.00582568,0.211327385,0.421611692,-0.102575407,-0.252195539,Healthy
0.014989138,0.072816596,0.074343331,0.005302257,0.202982769,0.386772923,-0.101471191,-0.506906857,Healthy
0.014939428,0.07179054,0.073328495,0.005153882,0.198184615,0.373630154,-0.075436527,-0.617795433,Healthy
0.014229647,0.068390821,0.069855474,0.004677304,0.205277538,0.408051692,-0.001763926,-0.307993652,Healthy
0.014081335,0.077631892,0.078898636,0.006026711,0.195472615,0.383643692,0.052838549,-0.592361056,Healthy
0.01363273,0.07183992,0.07312199,0.005160974,0.245957538,0.434754462,-0.006578922,-0.157073269,Healthy
0.013972749,0.072249674,0.073588404,0.005220015,0.220506462,0.424949538,0.0045065,-0.388709351,Healthy
0.01343695,0.075507647,0.076693913,0.005701405,0.198393231,0.393031385,-0.113306187,-0.500276167,Healthy
0.013721147,0.071878472,0.073176394,0.005166515,0.192134769,0.383435077,0.019721136,-0.476306336,Healthy
0.010799921,0.074751419,0.075527564,0.005587775,0.194012308,0.373212923,-0.085508079,-0.589338079,Healthy
0.014763002,0.069155444,0.070713659,0.004782475,0.194220923,0.386981538,-0.091152559,-0.342278263,Healthy
0.01227123,0.076898142,0.077871095,0.005913324,0.226764923,0.419108308,0.046731949,-0.4437576,Healthy
0.013409243,0.07106935,0.072323304,0.005050852,0.250755692,0.453112615,-0.237219416,-0.138695495,Healthy
0.012599025,0.072993713,0.074073055,0.005328082,0.214873846,0.391153846,-0.095707584,-0.467139924,Healthy
0.012564799,0.077019984,0.078038145,0.005932078,0.256179692,0.472513846,0.027750048,-0.174890896,Healthy
0.01296675,0.073786022,0.074916711,0.005444377,0.211744615,0.402001846,-0.028734203,-0.377854572,Healthy
0.016234107,0.071423483,0.073245206,0.005101314,0.207572308,0.401584615,-0.162971184,-0.477024081,Healthy
0.015562626,0.075059163,0.07665555,0.005633878,0.205068923,0.406591385,-0.032686237,-0.435816462,Healthy
0.01465136,0.08028936,0.081615218,0.006446381,0.265358769,0.4746,0.007953555,-0.315683808,Healthy
0.015459948,0.071620406,0.073269998,0.005129483,0.209032615,0.399707077,-0.132183144,-0.240018684,Healthy
0.013695274,0.078715883,0.079898378,0.00619619,0.238656,0.434754462,-0.026361424,-0.494042252,Healthy
0.013086948,0.073824327,0.074975325,0.005450031,0.206320615,0.409094769,-0.099787359,-0.251796677,Healthy
0.012273471,0.077705769,0.078669083,0.006038187,0.235318154,0.415144615,-0.136555889,-0.447390352,Healthy
0.013845828,0.071707387,0.073031885,0.005141949,0.196932923,0.390110769,-0.027272991,-0.489388789,Healthy
0.013783895,0.07596316,0.07720361,0.005770402,0.245748923,0.456659077,-0.109961286,-0.136371394,Healthy
0.013079003,0.073521834,0.074676103,0.00540546,0.18984,0.377176615,-0.168634233,-0.530107003,Healthy
0.014613263,0.072280587,0.073743004,0.005224483,0.231354462,0.401376,0.099418401,-0.182614635,Healthy
0.012060577,0.076531279,0.077475766,0.005857037,0.238447385,0.443099077,-0.010839525,-0.318891324,Healthy
0.014214979,0.072438612,0.073820174,0.005247352,0.226347692,0.441847385,-0.0621875,-0.109215121,Healthy
0.010874484,0.073506305,0.074306334,0.005403177,0.207155077,0.385938462,0.022137104,-0.383139294,Healthy
0.013955228,0.073127564,0.074447223,0.005347641,0.236152615,0.444559385,0.015844667,-0.273242308,Healthy
0.012192795,0.074212138,0.075207086,0.005507441,0.236778462,0.438718154,0.053908818,0.083933398,Healthy
0.014501214,0.072844827,0.074274182,0.005306369,0.228225231,0.441012923,-0.011307255,-0.243058756,Healthy
0.011947305,0.071283941,0.072278201,0.0050814,0.218420308,0.426618462,-0.227419903,-0.002440958,Healthy
0.012300566,0.075705618,0.0766984,0.005731341,0.244288615,0.435171692,-0.028935588,-0.130905681,Healthy
0.011122623,0.077384224,0.078179478,0.005988318,0.230728615,0.436214769,-0.142002508,-0.055459068,Healthy
0.010202392,0.072160409,0.072878072,0.005207125,0.258474462,0.452069538,-0.011925052,-0.007618275,Healthy
0.012002311,0.070247626,0.071265591,0.004934729,0.245331692,0.459996923,0.14555499,0.012717395,Healthy
0.011297419,0.078874101,0.079679078,0.006221124,0.23052,0.450192,-0.153153489,-0.210154374,Healthy
0.012067911,0.073462826,0.074447439,0.005396787,0.215082462,0.421611692,-0.081661699,-0.151409903,Healthy
0.011068431,0.073855248,0.074680036,0.005454598,0.209032615,0.393448615,-0.061208457,-0.41401656,Healthy
0.012435229,0.071398921,0.072473725,0.005097806,0.200270769,0.387816,-0.077215781,-0.295791277,Healthy
0.012348849,0.073227027,0.074260969,0.005362197,0.224261538,0.439344,-0.062682976,-0.230445529,Healthy
0.011205743,0.079676566,0.080460698,0.006348355,0.243662769,0.457284923,-0.05836728,-0.232090593,Healthy
0.013942394,0.073031594,0.074350548,0.005333614,0.209867077,0.411806769,0.04714683,-0.165780303,Healthy
0.012648734,0.073636401,0.074714858,0.00542232,0.218628923,0.421611692,-0.065001282,-0.254596561,Healthy
0.013310232,0.068010521,0.069300745,0.004625431,0.210075692,0.380097231,0.06115575,-0.534209352,Healthy
0.013074317,0.07406112,0.075206298,0.00548505,0.259517538,0.490454769,-0.020353819,0.302289707,Healthy
0.013372776,0.067926878,0.069230715,0.004614061,0.209867077,0.404088,-0.064923467,-0.196862986,Healthy
0.013109154,0.077821083,0.078917494,0.006056121,0.229059692,0.444768,-0.007985656,-0.441658101,Healthy
0.012695183,0.067747636,0.068926845,0.004589742,0.230102769,0.447062769,-0.062723226,-0.099997968,Healthy
0.010768751,0.075153382,0.075920991,0.005648031,0.233232,0.444142154,-0.160213554,-0.058033348,Healthy
0.008711322,0.076016252,0.076513774,0.005778471,0.213204923,0.398664,-0.035447695,-0.475645808,Healthy
0.009904545,0.065785875,0.066527298,0.004327781,0.175028308,0.346718769,-0.075069784,-0.277026466,Healthy
0.007508117,0.077142368,0.077506882,0.005950945,0.255345231,0.466881231,-0.15316935,-0.207366389,Healthy
0.009169094,0.070179478,0.070775924,0.004925159,0.209032615,0.388859077,-0.06218252,-0.201920855,Healthy
0.007384455,0.073413849,0.073784303,0.005389593,0.196724308,0.388859077,-0.115654355,-0.381067793,Healthy
0.009880302,0.071536808,0.072215893,0.005117515,0.273286154,0.513611077,-0.286391069,0.367950381,Healthy
0.01083924,0.082472906,0.083182145,0.00680178,0.227182154,0.439552615,-0.029074428,-0.377317665,Healthy
0.00978618,0.073298671,0.073949067,0.005372695,0.208198154,0.409720615,-0.159000044,-0.346896055,Healthy
0.01020443,0.070845673,0.07157681,0.005019109,0.209449846,0.403462154,-0.203734881,-0.261476961,Healthy
0.010575007,0.077598562,0.07831582,0.006021537,0.258474462,0.489828923,-0.003761976,-0.032029087,Healthy
0.010738599,0.07291065,0.073697221,0.005315963,0.214665231,0.426409846,-0.136614985,-0.190780353,Healthy
0.011035428,0.075118538,0.075924802,0.005642795,0.216542769,0.414936,-0.019383586,-0.355009885,Healthy
0.010825183,0.070762978,0.071586197,0.005007399,0.206112,0.403462154,-0.060325675,-0.163516332,Healthy
0.010329721,0.074820257,0.075529955,0.005598071,0.230937231,0.449148923,-0.036420157,-0.339677379,Healthy
0.013530663,0.072264167,0.073519988,0.00522211,0.204025846,0.378011077,-0.02425067,-0.426906857,Healthy
0.011869075,0.075129532,0.076061301,0.005644447,0.224470154,0.417230769,-0.158872327,-0.310279235,Healthy
0.011940786,0.074221235,0.075175622,0.005508792,0.222384,0.431208,-0.068121888,-0.258814516,Healthy
0.011374632,0.073510066,0.074384891,0.00540373,0.241368,0.443307692,0.073466892,-0.310409851,Healthy
0.015173917,0.076990671,0.078471722,0.005927563,0.257222769,0.468341538,-0.106711459,-0.230947995,Healthy
0.013389889,0.072034562,0.073268461,0.005188978,0.226973538,0.412432615,0.044065191,-0.376143412,Healthy
0.014664806,0.078544201,0.07990149,0.006169192,0.210075692,0.413892923,0.036527155,-0.553463152,Healthy
0.015496008,0.073716455,0.075327565,0.005434116,0.212370462,0.423906462,-0.050143044,-0.335394629,Healthy
0.011672886,0.075272275,0.076171987,0.005665915,0.256179692,0.436840615,0.006622287,-0.277714704,Healthy
0.015416555,0.071205173,0.072854971,0.005070177,0.259726154,0.428287385,0.002315688,-0.311681382,Healthy
0.011850535,0.075735307,0.076656845,0.005735837,0.227182154,0.428913231,0.072124374,-0.285125294,Healthy
0.01499362,0.07782852,0.079259619,0.006057279,0.245123077,0.453321231,0.010446223,-0.201877283,Healthy
0.012936599,0.078664584,0.079721217,0.006188117,0.236152615,0.458328,-0.052493455,-0.407872601,Healthy
0.015509657,0.073042884,0.074671363,0.005335263,0.224261538,0.392822769,0.055653907,-0.352525881,Healthy
0.013981916,0.073083277,0.074408732,0.005341165,0.215499692,0.427870154,-0.051993184,-0.308823505,Healthy
0.014319694,0.076487327,0.077816224,0.005850311,0.226556308,0.405965538,0.059790603,-0.530135278,Healthy
0.015475024,0.071000648,0.07266752,0.005041092,0.240533538,0.431833846,0.069330244,-0.200349182,Healthy
0.01456824,0.076433832,0.077809796,0.005842131,0.248669538,0.442473231,-0.048560812,-0.243016582,Healthy
0.013957877,0.069027696,0.070424748,0.004764823,0.222801231,0.390945231,0.16018745,-0.238271005,Healthy
0.01445069,0.070939152,0.072396034,0.005032363,0.202356923,0.386981538,-0.103444499,-0.296743923,Healthy
0.013852754,0.074159716,0.075442443,0.005499663,0.232606154,0.453738462,0.029686565,-0.154382207,Healthy
0.013813028,0.075059827,0.076320229,0.005633978,0.222592615,0.442890462,0.075532521,-0.231015267,Healthy
0.014203774,0.070372267,0.071791386,0.004952256,0.236778462,0.420151385,0.006272877,-0.165765224,Healthy
0.012066892,0.073569466,0.074552507,0.005412466,0.211118769,0.410137846,0.041834927,-0.392063319,Healthy
0.01369996,0.072887275,0.074163629,0.005312555,0.240116308,0.445185231,0.019809942,-0.150841389,Healthy
0.013904704,0.067700191,0.069113361,0.004583316,0.204025846,0.373630154,0.00027846,-0.309578819,Healthy
0.016173397,0.077061373,0.078740295,0.005938455,0.233649231,0.423072,0.071882861,-0.368887239,Healthy
0.013281099,0.069037066,0.070302945,0.004766117,0.260560615,0.459371077,0.129857607,0.184815928,Healthy
0.013666549,0.077033493,0.078236396,0.005934159,0.231354462,0.448731692,-0.122237512,-0.265613805,Healthy
0.014223739,0.071725701,0.073122438,0.005144576,0.223427077,0.419316923,0.099196627,-0.272332949,Healthy
0.012737151,0.076162529,0.077220243,0.005800731,0.234483692,0.457910769,0.032346379,-0.190482567,Healthy
0.014880552,0.072016214,0.073537513,0.005186335,0.247417846,0.459162462,0.081080208,0.029910879,Healthy
0.01137728,0.069481227,0.070406558,0.004827641,0.217794462,0.416604923,-0.078278539,-0.324930176,Healthy
0.014571296,0.069790048,0.071294975,0.004870651,0.223427077,0.414101538,-0.128152766,-0.07971988,Healthy
0.012599228,0.072939903,0.074020065,0.005320229,0.228016615,0.454155692,-0.007165084,-0.156027656,Healthy
0.014866698,0.075301157,0.076754693,0.005670264,0.229894154,0.452486769,-0.017604895,-0.026252352,Healthy
0.012784823,0.069177508,0.070348982,0.004785528,0.207155077,0.408260308,-0.026299775,-0.383487725,Healthy
0.013772282,0.070953893,0.072278148,0.005034455,0.229059692,0.417230769,0.12394694,-0.246103076,Healthy
0.013749873,0.067810852,0.069190828,0.004598312,0.243871385,0.476060308,0.030030226,0.019901015,Healthy
0.012607174,0.074190657,0.075254199,0.005504254,0.215291077,0.421611692,0.071402139,-0.398891669,Healthy
0.012326643,0.06950245,0.070587085,0.004830591,0.201522462,0.394908923,-0.136605581,-0.143721461,Healthy
0.012248209,0.073616741,0.074628703,0.005419425,0.243036923,0.438092308,-0.088562135,-0.153776827,Healthy
0.012885463,0.072984562,0.074113302,0.005326746,0.209658462,0.400332923,0.026813951,-0.405874421,Healthy
0.010348668,0.070996757,0.071747017,0.005040539,0.224678769,0.436006154,-0.11971806,-0.073479032,Healthy
0.014068704,0.074253838,0.07557487,0.005513632,0.212161846,0.398246769,0.074355774,-0.381401677,Healthy
0.01102076,0.070549061,0.071404672,0.00497717,0.216542769,0.395952,-0.04482464,-0.362627923,Healthy
0.010861853,0.074970337,0.075753094,0.005620551,0.2034,0.401584615,-0.103648866,-0.416682121,Healthy
0.012179553,0.074712989,0.075699223,0.005582031,0.202148308,0.390319385,0.060855559,-0.473397186,Healthy
0.011056208,0.073368489,0.074196866,0.005382935,0.205694769,0.392614154,0.046206671,-0.613614908,Healthy
0.01583219,0.136846058,0.137758853,0.018726843,0.481782595,0.934489301,0.015144012,-0.066373801,Ball
0.015668962,0.130430617,0.131368422,0.017012146,0.442960599,0.808926946,0.00786889,-0.157084246,Ball
0.015020808,0.149041469,0.149796475,0.022213359,0.509071697,1.003686667,-0.018237569,0.123261379,Ball
0.015538253,0.128082893,0.129021955,0.016405227,0.399752854,0.779201317,0.022951549,-0.204947426,Ball
0.015072997,0.129105316,0.129982221,0.016668183,0.406087824,0.755648224,-0.042046881,-0.305147073,Ball
0.015445297,0.136225053,0.137097856,0.018557265,0.43223988,0.847424072,-0.007563997,-0.488647389,Ball
0.015061575,0.140317821,0.141123853,0.019689091,0.520442156,0.950245509,-0.098631524,0.307051476,Ball
0.014708311,0.138176965,0.138957576,0.019092874,0.456767585,0.853109301,-0.033856644,-0.133100261,Ball
0.015377245,0.139364845,0.140210626,0.01942256,0.487630259,0.917758483,-0.044639822,-0.054982366,Ball
0.015073948,0.141794636,0.142593627,0.020105719,0.429316048,0.825495329,-0.050250797,-0.216743,Ball
0.015506368,0.144278018,0.145108903,0.020816146,0.525802515,1.038447784,-0.023045154,0.150609137,Ball
0.014720208,0.141922159,0.142683509,0.020141899,0.472361357,0.922631537,-0.033850078,0.082575898,Ball
0.014992889,0.139833347,0.140634816,0.019553365,0.475447625,0.907362635,-0.043250573,0.275261223,Ball
0.014827916,0.136775234,0.137576639,0.018707465,0.384971257,0.739242275,-0.036345878,-0.393032481,Ball
0.014720684,0.13957445,0.140348586,0.019481027,0.409986267,0.819647665,-0.031176451,-0.194855601,Ball
0.015500975,0.126891316,0.127834605,0.016101406,0.456442715,0.842551018,-0.134019099,0.225242115,Ball
0.014836641,0.133066371,0.133890944,0.017706659,0.465539082,0.929616248,-0.011969609,0.003745491,Ball
0.014831565,0.122442511,0.12333752,0.014992169,0.390494052,0.747851337,0.013002278,-0.342109035,Ball
0.014800315,0.145619162,0.146369361,0.02120494,0.436950499,0.854733653,-0.001795055,-0.073690993,Ball
0.015043968,0.135661849,0.136493437,0.018404137,0.557964671,1.070122635,-0.018792753,0.144667812,Ball
0.015204816,0.133074981,0.133940796,0.01770895,0.406250259,0.763932415,-0.005377815,-0.192201337,Ball
0.014661039,0.132378095,0.133187485,0.01752396,0.473660838,0.871626906,0.043694482,-0.091746292,Ball
0.014363136,0.13303159,0.133804722,0.017697404,0.384808822,0.734856527,0.03431402,-0.262348334,Ball
0.014804122,0.142646306,0.143412449,0.020347969,0.445721996,0.871464471,0.001105916,-0.008986048,Ball
0.014473224,0.1374885,0.138248189,0.018903088,0.414372016,0.808439641,-0.011678231,-0.148257487,Ball
0.014571891,0.133031643,0.133827345,0.017697418,0.48194503,0.855708263,-0.060918673,-0.274997577,Ball
0.014644384,0.161617309,0.162279427,0.026120154,0.515731537,0.910773772,0.003345136,-0.445014053,Ball
0.013853464,0.132648845,0.133370291,0.017595716,0.428016567,0.837677964,0.067360837,0.123926614,Ball
0.014803646,0.141973457,0.142743162,0.020156462,0.567061038,0.999788224,0.037061662,0.041163448,Ball
0.014043025,0.137242547,0.137959136,0.018835517,0.424605429,0.832642475,0.020646875,-0.094923435,Ball
0.013794296,0.138557036,0.139242001,0.019198052,0.398778244,0.792358563,-0.076019203,-0.257022619,Ball
0.013340461,0.136302095,0.136953382,0.018578261,0.51930511,0.975422954,0.087533405,0.518883871,Ball
0.01309427,0.148813456,0.149388435,0.022145445,0.461803074,0.883484671,-0.04205038,-0.303363215,Ball
0.013383766,0.131593135,0.132271986,0.017316753,0.592076048,1.015869301,0.07422137,0.58326745,Ball
0.013698484,0.141877477,0.142537247,0.020129218,0.417783154,0.831667864,0.044807512,-0.227694636,Ball
0.013547312,0.126721932,0.127444018,0.016058448,0.495427146,0.95787996,-0.008968717,0.56354061,Ball
0.012892019,0.151018357,0.151567636,0.022806544,0.408037046,0.815099481,0.003025205,-0.491163498,Ball
0.013630116,0.132621754,0.133320327,0.01758853,0.449295569,0.83215517,0.015612378,0.087101695,Ball
0.013938171,0.137933931,0.138636366,0.019025769,0.47561006,0.927991896,-0.037157459,-0.011857089,Ball
0.01354176,0.132142003,0.132834063,0.017461509,0.422493772,0.786186028,0.037315212,0.061940836,Ball
0.013640268,0.141299332,0.141956184,0.019965501,0.464239601,0.858794531,-0.036516823,-0.305679603,Ball
0.013313653,0.142383352,0.143004448,0.020273019,0.443610339,0.858794531,-0.057857024,-0.175778849,Ball
0.013200868,0.134873028,0.135517514,0.018190734,0.464239601,0.86951525,-0.045245499,-0.089020534,Ball
0.013513683,0.14277023,0.143408361,0.020383339,0.397153892,0.792196128,0.070102081,-0.265915267,Ball
0.013133293,0.148138173,0.148719204,0.021944918,0.441985988,0.861880798,-0.052927521,-0.435858446,Ball
0.013066986,0.12994293,0.130598281,0.016885165,0.433701796,0.839302315,0.007489168,-0.004489324,Ball
0.012626159,0.131212816,0.131818902,0.017216803,0.416321238,0.80145493,-0.050366942,-0.121577137,Ball
0.012637421,0.124152844,0.124794363,0.015413929,0.442310858,0.833617086,-0.029429567,0.173132485,Ball
0.012964512,0.147339835,0.147909113,0.021709027,0.60702008,1.042346228,-0.050763324,-0.098974683,Ball
0.012615848,0.132520476,0.133119631,0.017561677,0.396504152,0.786998204,-0.018004629,-0.168212956,Ball
0.012154875,0.137006821,0.137544938,0.018770869,0.462777685,0.899565749,-0.073645224,-0.056246751,Ball
0.012173276,0.131425361,0.131987932,0.017272625,0.529700958,1.000925269,-0.0305327,0.249502489,Ball
0.012252272,0.144403863,0.144922717,0.020852476,0.53863489,1.056315649,-0.096134398,0.377739154,Ball
0.012208967,0.132182056,0.132744698,0.017472096,0.447996088,0.818023313,0.058227248,-0.244647181,Ball
0.012521464,0.149825537,0.150347858,0.022447691,0.443447904,0.883484671,-0.008891922,-0.314928948,Ball
0.012053036,0.14126048,0.141773759,0.019954523,0.549518044,1.034874212,-0.005689231,0.219068462,Ball
0.012147737,0.136533312,0.137072655,0.018641345,0.434676407,0.846936766,-0.076443969,-0.15251509,Ball
0.012293674,0.13512377,0.135681861,0.018258433,0.429478483,0.846774331,0.069061389,0.103809663,Ball
0.012419942,0.140057349,0.140606955,0.019616061,0.4189202,0.831018124,-0.035716332,0.053095814,Ball
0.012249417,0.132227928,0.132794101,0.017484225,0.432889621,0.846449461,-0.003086069,0.002978434,Ball
0.012148688,0.13978636,0.140313282,0.019540227,0.464402036,0.865616806,0.035819021,-0.058938567,Ball
0.011877276,0.13196264,0.132496068,0.017414138,0.410636008,0.817698443,-0.033559269,-0.275930319,Ball
0.011604118,0.13545389,0.135950035,0.018347756,0.423143513,0.836703353,-0.068934575,-0.320424269,Ball
0.012479586,0.134604314,0.135181587,0.018118321,0.46992483,0.93887505,0.038517494,0.205516285,Ball
0.012063029,0.134466597,0.135006602,0.018081266,0.440524072,0.784724112,-0.017555973,-0.362422376,Ball
0.011427724,0.12713294,0.127645514,0.016162784,0.413722275,0.786348463,-0.058967363,-0.090859334,Ball
0.01201322,0.141818036,0.142325939,0.020112355,0.448483393,0.814937046,-0.012597083,-0.238927344,Ball
0.01228606,0.122301701,0.122917262,0.014957706,0.433052056,0.860581317,-0.063651534,0.068439651,Ball
0.012272418,0.141403863,0.141935425,0.019995053,0.465051776,0.891119122,-0.043057725,-0.09769384,Ball
0.011754973,0.142719849,0.143203124,0.020368955,0.579081238,1.049330938,0.011073061,-0.118992861,Ball
0.011501486,0.128655229,0.12916831,0.016552168,0.459853852,0.85180982,-0.023198275,0.137212041,Ball
0.011946438,0.130735661,0.131280351,0.017091813,0.440524072,0.866104112,-0.045874608,-0.198968544,Ball
0.011694378,0.144710416,0.145182171,0.020941104,0.485356168,0.897778962,0.052517683,-0.190817542,Ball
0.011323822,0.122288036,0.122811208,0.014954364,0.396504152,0.754186307,0.032546974,-0.054713651,Ball
0.011616015,0.138868981,0.139353958,0.019284594,0.407874611,0.811850778,0.043045082,-0.154628563,Ball
0.011525756,0.148097223,0.148545046,0.021932788,0.510533613,0.987605589,0.027399778,-0.170612693,Ball
0.012243865,0.139051387,0.139589399,0.019335288,0.491366267,0.908986986,0.008048714,-0.300529231,Ball
0.011386163,0.149521739,0.149954643,0.02235675,0.470737006,0.878936487,-0.014773325,-0.051912077,Ball
0.011718806,0.123814443,0.124367788,0.015330016,0.411285749,0.768480599,0.04166872,-0.135095436,Ball
0.011392667,0.143331789,0.143783847,0.020544002,0.516056407,0.982407665,-0.006174169,0.472805967,Ball
0.011549392,0.13594725,0.136436957,0.018481655,0.454818363,0.877799441,0.105044593,-0.066596486,Ball
0.011580641,0.138200499,0.138684856,0.019099378,0.466188822,0.895017565,0.011764379,-0.005556023,Ball
0.011128869,0.130539794,0.131013318,0.017040638,0.413722275,0.80145493,0.015951948,-0.235734317,Ball
0.011259419,0.151167068,0.151585807,0.022851482,0.452381836,0.872276647,0.031480895,-0.160726293,Ball
0.011528611,0.140804248,0.141275423,0.019825836,0.422493772,0.837677964,-0.028771099,-0.198107555,Ball
0.010560821,0.143795013,0.144182304,0.020677006,0.539122196,1.041046747,0.009569881,0.203654644,Ball
0.010928997,0.126526057,0.12699719,0.016008843,0.389032136,0.775627745,-0.023910102,-0.086302697,Ball
0.011124586,0.141778352,0.142214125,0.020101101,0.441661118,0.828419162,-0.021473732,-0.262367391,Ball
0.011457387,0.139457161,0.139927022,0.0194483,0.46959996,0.875038044,-0.004936192,-0.153697119,Ball
0.010975475,0.142498083,0.142920134,0.020305704,0.471874052,0.934651737,-0.004549383,-0.071812379,Ball
0.010316534,0.137070401,0.137458087,0.018788295,0.523690858,0.974123473,0.025708284,0.005576092,Ball
0.011527025,0.147593976,0.14804342,0.021783982,0.531325309,0.97688487,-0.003358307,-0.138824647,Ball
0.011329374,0.132819142,0.13330146,0.017640924,0.378798723,0.735343832,0.036072583,-0.309686377,Ball
0.011105233,0.146470831,0.14689122,0.021453704,0.446046866,0.85814479,0.01949677,-0.283512016,Ball
0.010925825,0.126679524,0.127149815,0.016047702,0.418108024,0.804378762,0.009372775,-0.150609477,Ball
0.011262751,0.140263498,0.140714954,0.019673849,0.472036487,0.940012096,-0.062118799,0.088800969,Ball
0.011353645,0.135856244,0.136329837,0.018456919,0.408686786,0.780175928,-0.002295938,-0.281195622,Ball
0.010794956,0.144712683,0.145114754,0.020941761,0.5576398,1.102447226,-0.020630072,0.06467206,Ball
0.011317953,0.139608435,0.140066453,0.019490515,0.565923992,1.048031457,0.074884886,0.538199991,Ball
0.011199458,0.142720053,0.143158797,0.020369013,0.440524072,0.880560838,0.03895786,0.043114753,Ball
0.011081439,0.133063743,0.133524373,0.01770596,0.42525517,0.823546108,-0.017209404,-0.011557712,Ball
0.011492444,0.148453511,0.148897687,0.022038445,0.4942901,0.958529701,-0.0356407,-0.004659655,Ball
0.011039561,0.150169845,0.150575079,0.022550982,0.558289541,1.062813054,0.006869853,0.3628379,Ball
0.011833018,0.150409121,0.150873868,0.022622904,0.500462635,0.939362355,-0.034392568,-0.131909409,Ball
0.011194065,0.146573592,0.147000425,0.021483818,0.414047146,0.811525908,0.009038336,-0.118256988,Ball
0.011287655,0.144775691,0.145215054,0.020960001,0.531325309,0.977697046,0.017198483,0.102620522,Ball
0.011787175,0.145966495,0.146441644,0.021306218,0.411610619,0.808602076,0.057800734,-0.227157146,Ball
0.011151711,0.146469003,0.146892918,0.021453169,0.490066786,0.975910259,-0.037368926,0.050547944,Ball
0.010998794,0.133515298,0.133967564,0.017826335,0.46294012,0.850997645,0.025283284,0.111243791,Ball
0.011644568,0.137128751,0.137622274,0.018804294,0.519142675,0.922469102,-0.078238941,-0.065641765,Ball
0.010829379,0.13466229,0.135097031,0.018133932,0.483894251,0.904763673,-0.038563611,0.031485094,Ball
0.010468341,0.138045321,0.138441673,0.019056511,0.44490982,0.843038323,-0.031156882,0.248507897,Ball
0.011351741,0.144675069,0.145119735,0.020930875,0.453031577,0.886083633,-0.047251979,-0.110247984,Ball
0.010428843,0.128901068,0.129322257,0.016615485,0.450757485,0.815099481,-0.020240004,-0.240708395,Ball
0.010416629,0.149154824,0.149518118,0.022247161,0.493153054,0.977697046,-0.027271924,-0.039105193,Ball
0.009864127,0.142072679,0.142414701,0.020184646,0.484381557,0.964702236,0.032471736,0.220170362,Ball
0.009918378,0.143346894,0.143689617,0.020548332,0.522391377,0.959666747,-0.092736319,0.138087769,Ball
0.010055908,0.144201997,0.144552195,0.020794216,0.445234691,0.882347625,-0.008860665,0.090937373,Ball
0.010053846,0.152135668,0.152467509,0.023145261,0.603933812,1.133797206,0.002451212,0.460723212,Ball
0.015823307,0.292774774,0.293202055,0.085717068,1.382972695,2.558190858,0.076466602,2.245145026,Inner
0.015292062,0.28380826,0.284219943,0.080547129,1.482707864,2.578170379,0.203184216,2.796573258,Inner
0.015314904,0.287218133,0.28762615,0.082494256,1.181228263,2.307553453,0.081235363,2.545697669,Inner
0.01587502,0.278135424,0.278588101,0.077359314,1.203806747,2.231696248,0.143137956,2.223241286,Inner
0.01517896,0.287552903,0.287953248,0.082686672,1.294120679,2.46641501,0.053613489,2.270402515,Inner
0.015367569,0.2922942,0.292697901,0.085435899,1.56457517,2.684890259,0.178656927,2.704180073,Inner
0.015877717,0.29308569,0.293515457,0.085899222,1.565712216,2.661012295,0.160804583,2.858231338,Inner
0.013661048,0.287925565,0.288249467,0.082901131,1.321247345,2.476161118,0.010304892,2.482875808,Inner
0.01539755,0.296204848,0.296604782,0.087737312,1.555803673,2.64119521,0.178706087,2.807671029,Inner
0.014984641,0.287489694,0.287879947,0.082650324,1.349511058,2.559652774,0.074629277,2.62617909,Inner
0.014749237,0.285807652,0.28618797,0.081686014,1.584554691,2.733458363,0.228091794,3.182814443,Inner
0.014312851,0.28783184,0.288187484,0.082847168,1.422769301,2.454882116,0.08659569,2.392590837,Inner
0.01432919,0.285503521,0.28586288,0.08151226,1.507235569,2.665560479,0.140940309,2.524041579,Inner
0.01401114,0.289802649,0.29014115,0.083985575,1.511134012,2.56014008,0.136700507,2.30196578,Inner
0.014877725,0.294243422,0.294619311,0.086579192,1.389307665,2.601723473,0.112562133,2.167698813,Inner
0.013625991,0.285209615,0.285534923,0.081344525,1.492778842,2.540647864,0.210903472,2.523675056,Inner
0.014416594,0.290955198,0.291312145,0.084654927,1.360556647,2.453907505,0.097668317,1.952739387,Inner
0.014156444,0.288232574,0.288580009,0.083078017,1.360881517,2.42271996,0.18049742,2.048682481,Inner
0.014396607,0.294534445,0.294886082,0.086750539,1.428454531,2.517257206,0.068931929,1.906987777,Inner
0.014640735,0.292388549,0.292754871,0.085491064,1.437388463,2.605297046,0.214654802,2.168106536,Inner
0.014280332,0.289467769,0.289819802,0.08379159,1.194385509,2.382598483,0.00885608,1.876157243,Inner
0.013273996,0.285111085,0.285419918,0.081288331,1.312638283,2.332568463,0.210688444,1.948115431,Inner
0.014927535,0.292088197,0.292469393,0.085315515,1.305491138,2.406801317,0.145680381,2.141178051,Inner
0.013766695,0.29033872,0.290664918,0.084296572,1.224436008,2.18426519,0.165153997,2.066319444,Inner
0.014505108,0.294622433,0.294979281,0.086802378,1.504474172,2.739955768,0.10824633,2.265839089,Inner
0.01529111,0.29832363,0.29871526,0.088996988,1.473449062,2.593926587,0.148677316,2.180180718,Inner
0.013056834,0.294873124,0.295162057,0.086950159,1.317348902,2.327370539,0.209432773,2.100152989,Inner
0.0150749,0.287927182,0.288321548,0.082902062,1.487256048,2.668484311,0.080322099,1.876348637,Inner
0.014488769,0.304556093,0.304900538,0.092754414,1.231420719,2.262883792,0.17681496,1.980745995,Inner
0.014807295,0.289301253,0.289679946,0.083695215,1.372901717,2.524079481,0.128388463,1.702412799,Inner
0.015254943,0.302182095,0.302566905,0.091314018,1.297369381,2.40339018,0.10729113,2.088378194,Inner
0.013722913,0.286378373,0.286706978,0.082012573,1.407662834,2.522292695,0.096386081,1.922747522,Inner
0.014139629,0.300664322,0.300996617,0.090399034,1.638970459,2.798757285,0.165730438,2.777367274,Inner
0.015862964,0.287538517,0.28797575,0.082678399,1.316211856,2.452770459,0.104387787,1.954890591,Inner
0.014888036,0.292188713,0.292567766,0.085374244,1.565387345,2.703570299,0.154732477,3.008846231,Inner
0.014227668,0.291147869,0.291495297,0.084767081,1.443073693,2.531064192,0.219641176,2.604993841,Inner
0.014492101,0.292412452,0.29277135,0.085505042,1.625813214,2.800868942,0.089273501,3.175050166,Inner
0.014401207,0.289147976,0.289506384,0.083606552,1.45850503,2.60448487,0.154397215,2.68642825,Inner
0.014796825,0.28887852,0.28925723,0.083450799,1.186263752,2.298457086,0.094484581,2.075329384,Inner
0.01467373,0.291391332,0.291760564,0.084908908,1.60193525,2.687164351,0.287597653,3.025725865,Inner
0.014433884,0.29144534,0.291802541,0.084940386,1.220537565,2.264995449,0.07122102,1.886605664,Inner
0.014961798,0.29738898,0.29776511,0.088440205,1.70264503,2.997253014,0.220008699,3.08338512,Inner
0.013534304,0.279817636,0.28014476,0.078297909,1.341389301,2.430191976,0.149273516,2.402809222,Inner
0.014718939,0.294455264,0.294822912,0.086703902,1.651315529,2.739955768,0.240512448,2.974425403,Inner
0.014378999,0.293155095,0.293507521,0.08593991,1.329044232,2.431329022,0.094047853,2.247970528,Inner
0.014043659,0.293935712,0.294271009,0.086398203,1.615092495,2.623652216,0.186276578,2.354586843,Inner
0.013765267,0.28830257,0.288631001,0.083118372,1.212090938,2.26564519,0.211595609,2.337940749,Inner
0.013786682,0.2977827,0.298101675,0.088674536,1.663823034,2.765133214,0.13827777,2.646933464,Inner
0.014283981,0.287747353,0.288101669,0.082798539,1.334729461,2.407288623,0.16119738,2.568660853,Inner
0.014066819,0.292719497,0.293057297,0.085684704,1.408962315,2.51043493,0.108471771,2.392686673,Inner
0.013717996,0.296826581,0.297143404,0.088106019,1.200070739,2.278477565,0.14522894,1.939417566,Inner
0.013587762,0.289875548,0.290193833,0.084027833,1.557915329,2.701133772,0.15763249,2.813648348,Inner
0.014557614,0.29084805,0.291212144,0.084592588,1.366241876,2.470151018,0.125478737,2.118144563,Inner
0.01422164,0.290332299,0.290680407,0.084292844,1.396942116,2.501176128,0.167146113,2.630366504,Inner
0.014255428,0.285058279,0.285414505,0.081258223,1.590727226,2.81061505,0.069658815,2.6751153,Inner
0.013121078,0.289366598,0.289663928,0.083733028,1.398566467,2.486556966,0.20298293,2.524677623,Inner
0.014113297,0.292048315,0.29238913,0.085292218,1.178466866,2.233158164,0.10283424,1.933625754,Inner
0.014408504,0.283982314,0.284347603,0.080645954,1.313612894,2.30430475,0.252605093,2.356765836,Inner
0.013705305,0.285159749,0.285488911,0.081316083,1.53322519,2.795833453,0.034727624,2.932217537,Inner
0.013112195,0.294923998,0.295215336,0.086980165,1.30208,2.350598762,0.285102028,2.326832087,Inner
0.0144875,0.286227038,0.286593449,0.081925917,1.350485669,2.415897685,0.081633775,2.28582154,Inner
0.011587621,0.293365086,0.293593846,0.086063073,1.454119281,2.657926028,0.016147475,2.414584165,Inner
0.013148838,0.27910316,0.279412716,0.077898574,1.354871417,2.457968383,0.18481688,2.554814209,Inner
0.013264002,0.298344562,0.298639266,0.089009477,1.376312854,2.370903154,0.198027871,2.028698142,Inner
0.012380285,0.294105807,0.294366264,0.086498226,1.401652735,2.515307984,0.137112065,2.195510041,Inner
0.013192302,0.290722115,0.291021279,0.084519348,1.309876886,2.425806228,0.122032153,2.053681686,Inner
0.011782575,0.28464489,0.284888649,0.081022713,1.322709261,2.49110515,0.236713337,2.389967914,Inner
0.012055256,0.289646207,0.289896972,0.083894925,1.25838495,2.281563832,0.156669289,1.919705185,Inner
0.013403436,0.291268537,0.29157677,0.084837361,1.379886427,2.446597924,0.185359198,2.330711648,Inner
0.012083016,0.293929053,0.294177306,0.086394288,1.498788942,2.68554,0.147033658,2.323527765,Inner
0.011547012,0.290136628,0.290366314,0.084179263,1.419195729,2.456181597,0.183235573,2.233754229,Inner
0.01186871,0.291562013,0.291803485,0.085008408,1.26471992,2.313888423,0.181501104,1.719926957,Inner
0.013043033,0.291303092,0.291594945,0.084857491,1.293633373,2.308690499,0.196812686,2.033206228,Inner
0.012800332,0.29567693,0.295953874,0.087424847,1.438038204,2.540160559,0.208473426,2.204311219,Inner
0.012357601,0.294996186,0.295254907,0.08702275,1.513570539,2.578982555,0.16688772,2.049277461,Inner
0.01128131,0.3019789,0.302189549,0.091191256,1.355521158,2.364405749,0.191690706,1.682921814,Inner
0.013459273,0.289544962,0.289857616,0.083836285,1.451195449,2.473887026,0.182783429,2.211196721,Inner
0.011821756,0.294989504,0.295226289,0.087018808,1.297044511,2.310802156,0.245505634,1.975425459,Inner
0.0126885,0.286276787,0.286557842,0.081954399,1.484819521,2.561114691,0.171999833,2.620032759,Inner
0.013341571,0.295103695,0.295405126,0.087086191,1.282912655,2.240305309,0.196945432,1.770660681,Inner
0.011627754,0.295079052,0.295308062,0.087071647,1.35779525,2.495815768,0.306511899,2.37452208,Inner
0.012003702,0.289910759,0.290159158,0.084048248,1.447297006,2.61049497,0.110391435,2.161110122,Inner
0.012812705,0.291518123,0.291799557,0.084982816,1.324171178,2.433115808,0.22316374,2.543381413,Inner
0.012626,0.294926675,0.295196815,0.086981744,1.739030499,2.960867545,0.197133814,2.326106492,Inner
0.012830789,0.29477541,0.295054523,0.086892542,1.485144391,2.511247106,0.202790913,1.987122451,Inner
0.011932002,0.289143699,0.289389791,0.083604078,1.599661158,2.714778323,0.190331747,2.78146361,Inner
0.012391707,0.290627104,0.290891162,0.084464114,1.403114651,2.447247665,0.196982605,2.469579804,Inner
0.01254272,0.284171283,0.284447953,0.080753318,1.555478802,2.671245709,0.19928328,2.632217195,Inner
0.012906772,0.30160368,0.301879719,0.09096478,1.408962315,2.50442483,0.175306751,2.247458071,Inner
0.012270673,0.291435119,0.291693329,0.084934429,1.69631006,2.854797405,0.281406235,2.767004703,Inner
0.012112838,0.289790983,0.290044022,0.083978814,1.446322395,2.588891098,0.145734795,2.325452968,Inner
0.012651857,0.282872272,0.283155066,0.080016722,1.566686826,2.666047784,0.240006127,3.187743996,Inner
0.012425177,0.297838669,0.298097732,0.088707873,1.497002156,2.64817992,0.174857026,2.852570198,Inner
0.012884247,0.291907485,0.29219169,0.08520998,1.339602515,2.369928543,0.248171416,2.320455759,Inner
0.011986729,0.282477048,0.282731259,0.079793283,1.380211297,2.507186228,0.202520462,2.656675218,Inner
0.012833486,0.302407469,0.302679659,0.091450278,1.338303034,2.407938363,0.200450122,1.939012173,Inner
0.012865529,0.288108863,0.288395975,0.083006717,1.447459441,2.570048623,0.21095049,2.969871285,Inner
0.011529563,0.290881736,0.291110143,0.084612185,1.404901437,2.446273054,0.20356408,2.434149569,Inner
0.012968637,0.28670958,0.287002734,0.082202384,1.467926267,2.511409541,0.192060054,2.244821849,Inner
0.012445957,0.297567147,0.297827314,0.088546207,1.50187521,2.872015529,0.116975456,2.650583331,Inner
0.011876958,0.293065259,0.293305827,0.085887246,1.399216208,2.520993214,0.243460429,2.713394449,Inner
0.012519878,0.281341375,0.281619809,0.079152969,1.181065828,2.304629621,0.132435936,2.504090714,Inner
0.01248149,0.288411526,0.288681479,0.083181209,1.275440639,2.336791776,0.183954082,2.165538616,Inner
0.012777966,0.280377624,0.280668645,0.078611612,1.462078603,2.550556407,0.188039509,2.875620612,Inner
0.012081271,0.291869986,0.292119916,0.085188088,1.548169222,2.787386826,0.222532727,3.039166336,Inner
0.012015758,0.29380092,0.294046525,0.08631898,1.34545018,2.482658523,0.156816705,2.561663771,Inner
0.011786382,0.291928485,0.292166321,0.08522224,1.486931178,2.577845509,0.181611151,2.791093598,Inner
0.012901537,0.28738568,0.287675127,0.082590529,1.305978443,2.360182435,0.236406057,2.422797587,Inner
0.012897571,0.30151613,0.301791856,0.090911977,1.324171178,2.381299002,0.161107193,2.478424629,Inner
0.011952465,0.297226791,0.297467017,0.088343765,1.608432655,2.771468184,0.201993166,3.259500714,Inner
0.012131715,0.27997416,0.28023688,0.07838553,1.379886427,2.40436479,0.176877031,2.400751924,Inner
0.0120386,0.299877739,0.300119287,0.089926658,1.472312016,2.656788982,0.11045814,2.837711762,Inner
0.012283205,0.284938884,0.285203514,0.081190167,1.423419042,2.45439481,0.146736149,1.777446949,Inner
0.011901387,0.29480273,0.295042866,0.08690865,1.344638004,2.370253413,0.222324583,2.288592135,Inner
0.011950245,0.288349447,0.288596972,0.083145404,1.240679521,2.473724591,0.167356378,2.008795663,Inner
0.011739111,0.297846575,0.298077824,0.088712582,1.437388463,2.616342635,0.210014953,2.806013929,Inner
0.010964847,0.28134214,0.281555727,0.0791534,1.389632535,2.642494691,0.154329356,2.655606223,Inner
0.013192937,0.302644045,0.302931464,0.091593418,1.363642914,2.458780559,0.201928028,2.417595572,Inner
0.034116136,0.644877354,0.645779151,0.415866801,2.956725449,5.797715868,0.072727558,4.998841946,Outer
0.034488912,0.695590602,0.696445095,0.483846285,3.547583234,6.520958283,0.178555306,4.355866929,Outer
0.034628901,0.642468572,0.64340114,0.412765866,3.105353593,5.964617964,0.115348511,4.977610075,Outer
0.033625975,0.729850912,0.730625116,0.532682354,3.325047106,6.40765978,0.002900386,4.370449036,Outer
0.034555139,0.664846942,0.665744331,0.442021457,3.151647605,6.045835529,0.048911679,4.573986945,Outer
0.034179191,0.69472116,0.695561433,0.48263749,3.256012176,6.275681238,0.15878509,4.256196775,Outer
0.033516522,0.65192478,0.652785781,0.425005919,3.492355289,6.704916068,0.107906064,5.074623039,Outer
0.033442363,0.69762426,0.698425372,0.486679608,3.132155389,6.22857505,0.006149278,4.595899614,Outer
0.034533328,0.665651983,0.666547157,0.443092562,3.209312076,6.157509681,0.068106867,4.860508244,Outer
0.032429523,0.706070684,0.706815029,0.498535811,3.032663872,5.89436477,0.025247888,3.89134405,Outer
0.032221324,0.659781101,0.660567419,0.435311102,3.104947505,6.11284002,0.132306501,4.390327447,Outer
0.032197133,0.662802399,0.663583962,0.43930702,3.132155389,6.20989501,0.001043858,4.491275155,Outer
0.032646051,0.654641018,0.655454519,0.428554862,3.098856188,6.105124351,-0.054105005,4.746881845,Outer
0.03249813,0.660416112,0.661215221,0.436149441,2.894594012,5.726650499,0.044077261,4.455888825,Outer
0.031519395,0.661144676,0.661895577,0.437112282,3.239362575,6.098220858,0.023459694,4.209027217,Outer
0.030592214,0.67044904,0.671146629,0.449501915,3.058247405,5.939846607,0.098164348,4.23451662,Outer
0.031267969,0.620235027,0.621022684,0.384691488,3.366874152,6.137205289,0.096470019,4.555496039,Outer
0.030902728,0.650638715,0.651372179,0.423330738,3.02007515,5.686447804,0.053588207,4.526818408,Outer
0.029366019,0.606388414,0.607099063,0.367706909,3.166672854,5.888679541,0.122794452,4.539235184,Outer
0.028953983,0.679626886,0.680243366,0.461892704,3.164642415,5.884212575,0.07763698,4.241780814,Outer
0.03008619,0.617423991,0.618156585,0.381212385,2.839366068,5.400561976,0.081198425,3.839801321,Outer
0.029392986,0.671527237,0.6721702,0.45094883,2.989618563,5.757107086,0.027696187,4.561158259,Outer
0.028378956,0.61254259,0.613199633,0.375208424,2.712666667,5.301882635,0.017082009,4.589294181,Outer
0.028165601,0.659624791,0.660225845,0.435104865,3.062308283,5.942689222,0.02928518,4.709840478,Outer
0.028236984,0.614900792,0.615548788,0.378102983,2.767894611,5.424927246,0.027117003,4.471838098,Outer
0.028081925,0.680225609,0.680805019,0.462706879,3.329514072,6.511212176,-0.011187974,4.713417397,Outer
0.027301871,0.653064677,0.653635116,0.426493472,3.104947505,6.169692315,0.055147461,4.590490928,Outer
0.027675044,0.655215853,0.655800062,0.429307814,3.314488822,6.226544611,0.117786641,5.421651071,Outer
0.027253886,0.656534972,0.657100407,0.43103817,3.248702595,6.136799202,0.109217061,4.331728809,Outer
0.026964787,0.671357723,0.671899019,0.450721192,3.038349102,5.925633533,0.062506191,5.339014513,Outer
0.026496437,0.701185725,0.701686171,0.491661421,3.142713673,6.199336727,0.066701023,3.905310184,Outer
0.027370875,0.664595651,0.665159037,0.441687379,3.283626148,6.503496507,0.031216698,5.434200315,Outer
0.025644605,0.714959631,0.715419401,0.511167274,3.226773852,6.324005689,0.061327137,4.233718304,Outer
0.025682675,0.664307121,0.664803393,0.441303951,3.107384032,6.169286228,0.041485506,5.325163172,Outer
0.026071314,0.712648668,0.713125401,0.507868124,2.994491617,5.877309082,0.009683114,3.695669936,Outer
0.027021893,0.682943117,0.683477493,0.466411301,3.425350798,6.40969022,0.085605737,5.57269544,Outer
0.023452365,0.70075568,0.701148013,0.491058523,3.23286517,6.367457086,0.061561291,3.945787747,Outer
0.024243126,0.694273744,0.694696884,0.482016032,3.098044012,6.00279022,0.048179554,4.764614704,Outer
0.024892708,0.681547469,0.682001906,0.464506953,3.242611277,6.255782934,0.061560711,4.433208795,Outer
0.025120339,0.704283027,0.704730881,0.496014583,3.260073054,6.49740519,0.018669833,4.852927559,Outer
0.024600436,0.6877908,0.688230606,0.473056185,3.127688423,6.220453293,0.00708509,4.728617201,Outer
0.024984712,0.718586138,0.719020357,0.516366038,3.206063373,6.393852794,-0.039802065,4.362098547,Outer
0.024741615,0.699944279,0.700381425,0.489921994,3.347788024,6.145733134,0.099083782,4.349334569,Outer
0.023779932,0.68024978,0.680665298,0.462739763,3.312052295,6.382482335,0.086160864,4.866872773,Outer
0.024550864,0.703087846,0.703516356,0.494332519,3.463523054,6.545323553,-0.040052657,4.596564296,Outer
0.024263351,0.667567826,0.668008617,0.445646803,3.104947505,5.992638024,0.072884479,4.795513593,Outer
0.023534852,0.723956601,0.724339043,0.52411316,3.211748603,6.184311477,0.083754808,4.090189028,Outer
0.024978763,0.672278314,0.672742202,0.451958132,3.206469461,6.240351597,0.056160133,4.30720087,Outer
0.024075773,0.683701807,0.684125576,0.467448161,3.235301697,6.22288982,0.062009131,4.435246274,Outer
0.023411915,0.641697871,0.642124813,0.411776158,3.116317964,5.927257884,0.065766296,5.061694368,Outer
0.024552451,0.675005209,0.675451594,0.455632032,3.300681836,6.231011577,0.10742559,4.537245267,Outer
0.024402547,0.655275725,0.655729945,0.429386276,3.067181337,6.114058283,0.176697069,4.729466549,Outer
0.023121625,0.690820753,0.691207583,0.477233313,3.157738922,6.129083533,0.010634919,3.735179105,Outer
0.023105366,0.657732772,0.658138479,0.432612399,3.057029142,5.919542216,0.117538105,4.897243756,Outer
0.024133276,0.642991157,0.643443893,0.413437628,3.241799102,6.261062076,0.043963391,4.464390674,Outer
0.023676031,0.650252253,0.650683139,0.422827993,2.920177545,5.71893483,0.047718247,4.636104729,Outer
0.022637017,0.653551351,0.653943272,0.427129368,3.201596407,5.995480639,0.074433857,4.29056691,Outer
0.024229246,0.674859375,0.675294182,0.455435176,3.061496108,6.073043413,0.0244538,4.267978084,Outer
0.022193651,0.647115378,0.647495846,0.418758313,2.914492315,5.707970459,0.04754586,3.878114673,Outer
0.023143437,0.660393182,0.660798587,0.436119154,3.278347006,6.28461517,0.086904255,4.485656765,Outer
0.022644948,0.629422381,0.629829601,0.396172533,2.998552495,5.870811677,0.014428595,4.668968725,Outer
0.023318324,0.656497233,0.656911228,0.430988618,3.466771756,6.524613074,0.084043468,4.529902118,Outer
0.021015838,0.651523074,0.651861934,0.424482316,3.142713673,6.068576447,-0.003002268,4.719454615,Outer
0.022586256,0.645904998,0.646299779,0.417193266,3.327077545,6.128677445,0.182721988,4.600912437,Outer
0.022628292,0.657584851,0.657974069,0.432417836,3.330732335,6.410502395,0.048521428,4.667616829,Outer
0.021394563,0.637930335,0.638288993,0.406955112,3.202002495,6.116900898,-0.014045454,5.235331362,Outer
0.021572226,0.654582217,0.654937585,0.428477879,3.108602295,6.087256487,0.011812024,4.396113007,Outer
0.020234991,0.629511379,0.629836512,0.396284576,3.157332834,6.207458483,-0.051062753,5.363612226,Outer
0.022235688,0.697696118,0.698050356,0.486779873,3.340884531,6.260655988,0.09573409,3.767051079,Outer
0.020755688,0.635703512,0.636042258,0.404118955,3.323828842,6.348370958,0.006785538,4.793619151,Outer
0.021006717,0.684484851,0.684807121,0.468519511,3.197535529,6.274056886,0.018784758,4.600398825,Outer
0.021260918,0.629890934,0.630249645,0.396762589,2.881599202,5.671016467,0.143548091,4.97206956,Outer
0.020398775,0.67702806,0.677335296,0.458366994,3.199972056,6.223295908,0.073147239,4.803990678,Outer
0.018627693,0.668567018,0.668826471,0.446981857,3.408701198,6.692733433,-0.026403369,5.438783232,Outer
0.020614906,0.680741355,0.681053424,0.463408792,3.093983134,5.92238483,0.103983771,4.050050217,Outer
0.019291948,0.68835477,0.688625057,0.473832289,3.058247405,6.064515569,0.131234474,4.275104323,Outer
0.018909654,0.663953266,0.664222489,0.44083394,3.504131836,6.481161677,0.099414499,5.419437282,Outer
0.018778389,0.695431742,0.695685227,0.483625307,3.337635828,6.512836527,0.052588895,5.138432597,Outer
0.016414038,0.684627007,0.684823743,0.468714138,3.081800499,6.098220858,0.018638232,4.548771619,Outer
0.020410672,0.702804391,0.703100709,0.493934012,3.359564571,6.330097006,0.117576699,4.363104946,Outer
0.019210254,0.699774029,0.70003766,0.489683692,3.63042515,6.756895309,0.117172295,4.755875615,Outer
0.018216846,0.66716562,0.667414278,0.445109965,3.304336627,6.380451896,0.059461306,5.058815059,Outer
0.018107789,0.710874323,0.711104912,0.505342304,3.3019001,6.54776008,0.107964663,5.065002563,Outer
0.018342559,0.669494621,0.669745846,0.448223048,3.192662475,6.374360579,0.032814762,4.863782751,Outer
0.018317178,0.747092603,0.747317119,0.558147358,3.430223852,6.666743812,0.009484712,4.177595052,Outer
0.018381819,0.680492172,0.680740397,0.463069596,2.89865489,5.724213972,0.076132349,4.26102232,Outer
0.018149429,0.711228236,0.711459771,0.505845604,3.264133932,6.317102196,0.027565366,4.585716142,Outer
0.017586696,0.654763772,0.654999915,0.428715597,3.278347006,6.177407984,0.060292591,4.920283368,Outer
0.017982076,0.707393865,0.707622382,0.50040608,3.346163673,6.402786727,0.02873214,4.720831552,Outer
0.018306074,0.675549004,0.675796988,0.456366457,3.091546607,6.167255788,-0.050208512,4.429795588,Outer
0.017123106,0.68357417,0.683788597,0.467273645,3.138652794,6.261874251,0.051058374,4.390927463,Outer
0.018348507,0.669751435,0.670002725,0.448566984,2.715509281,5.325029641,0.040861038,4.129307106,Outer
0.017353513,0.66588609,0.666112174,0.443404284,3.063932635,5.866344711,0.014987159,4.614159336,Outer
0.017878968,0.664721081,0.664961482,0.441854115,3.221494711,5.986952794,0.014467174,4.707656652,Outer
0.018503566,0.665065863,0.665323218,0.442312602,3.15245978,6.038932036,-0.035799248,4.86565028,Outer
0.016972805,0.674211765,0.674425371,0.454561505,3.192256387,6.156697505,0.048139834,4.165251039,Outer
0.016429108,0.650349789,0.650557272,0.422954848,3.052968263,6.070606886,0.128293747,4.752114477,Outer
0.017260319,0.64893841,0.649167913,0.42112106,2.687083134,5.291324351,0.023933215,4.326744712,Outer
0.016507629,0.634902603,0.635117168,0.403101316,3.143525848,5.953247505,-0.044326601,5.138680404,Outer
0.016826471,0.647278512,0.647497183,0.418969472,3.227586028,6.358117066,0.108991638,4.469504083,Outer
0.016973202,0.649401376,0.64962315,0.421722148,3.016014271,5.995074551,0.187067714,4.942705059,Outer
0.01601033,0.635613484,0.635815093,0.404004501,2.828401697,5.639747705,0.015692116,4.533248746,Outer
0.017452655,0.650553182,0.650787244,0.423219442,3.383117665,6.458014671,-0.074889163,5.174559982,Outer
0.016646428,0.623446061,0.623668256,0.38868499,3.14311976,6.160758383,0.052038767,5.024444045,Outer
0.017533159,0.651099419,0.651335447,0.423930453,3.278347006,6.055987725,0.106874003,4.450143814,Outer
0.016398572,0.642372672,0.642581951,0.41264265,3.379462874,6.174565369,0.107430044,5.135909533,Outer
0.018819633,0.681254074,0.68151397,0.464107113,3.210936427,6.405629341,0.071546901,4.486464198,Outer
0.017658872,0.620440467,0.620691718,0.384946373,2.706981437,5.226350299,0.10322217,4.59436162,Outer
0.017779826,0.669792444,0.670028387,0.448621917,3.240580838,6.069794711,0.033478947,4.664432523,Outer
0.017731841,0.624307571,0.624559334,0.389759944,3.405858583,6.45070509,0.076518763,5.190442496,Outer
0.01624034,0.678622453,0.678816751,0.460528433,3.053374351,5.971927545,0.163013274,4.444331215,Outer
0.016855024,0.677543475,0.677753091,0.459065161,3.1451502,5.949592715,0.052840881,4.421027303,Outer
0.018401251,0.659786332,0.660042885,0.435318004,3.323016667,6.3536501,-0.006322362,5.066121292,Outer
0.016821712,0.668099573,0.668311312,0.44635704,3.35225499,6.471821657,0.100022345,4.934222771,Outer
0.016551251,0.641160686,0.641374282,0.411087026,3.074897006,6.145733134,0.075724127,4.798266974,Outer
0.015969483,0.681585951,0.681773007,0.464559408,3.372559381,6.416187625,0.120332533,5.003112686,Outer
0.015795785,0.697503143,0.697681977,0.486510635,3.275098303,6.351213573,-0.00380332,4.976322111,Outer
0.015641123,0.676738373,0.676919102,0.457974826,3.245047804,6.447456387,0.019390671,4.17791902,Outer
0.015674435,0.694977901,0.695154638,0.482994282,3.163018064,6.059642515,0.119534337,4.661840953,Outer
